{"epochs": [1], "train_loss": [0.15978457578600233], "time_taken": [49.175488233566284]}