{"epochs": [1], "train_loss": [17.42295278940659], "time_taken": [59.50687265396118]}