{"epochs": [1, 2, 3, 4, 5, 6, 7, 8, 9, 10, 11, 12, 13, 14, 15, 16, 17, 18, 19, 20, 21, 22, 23, 24, 25, 26, 27, 28, 29, 30, 31, 32, 33, 34, 35, 36, 37, 38, 39, 40, 41, 42, 43, 44, 45, 46, 47, 48, 49, 50, 51, 52, 53, 54, 55, 56, 57, 58, 59, 60, 61, 62, 63, 64, 65, 66, 67, 68, 69, 70, 71, 72, 73, 74, 75, 76, 77, 78, 79, 80, 81, 82, 83, 84, 85, 86, 87, 88, 89, 90, 91, 92, 93, 94, 95, 96, 97, 98, 99, 100, 101, 102, 103, 104, 105, 106, 107, 108, 109, 110, 111, 112, 113, 114, 115, 116, 117, 118, 119, 120, 121, 122, 123, 124, 125, 126, 127, 128, 129, 130, 131, 132, 133, 134, 135, 136, 137, 138, 139, 140, 141, 142, 143, 144, 145, 146, 147, 148, 149, 150, 151, 152, 153, 154, 155, 156, 157, 158, 159, 160, 161, 162, 163, 164, 165, 166, 167, 168, 169, 170, 171, 172, 173, 174, 175, 176, 177, 178, 179, 180, 181, 182, 183, 184, 185, 186, 187, 188, 189, 190, 191, 192, 193, 194, 195, 196, 197, 198, 199, 200], "train_loss": [0.206742962415627, 0.1956637868714645, 0.15706549559650723, 0.14892325410416032, 0.13473229975679557, 0.13278102621794008, 0.15796840691930863, 0.16425478024058468, 0.15249789472848307, 0.2877463064274413, 0.2942476387107216, 0.3499208647090795, 0.2671296389277325, 0.42843394306809623, 0.4256986570280192, 0.4352476048287346, 0.4261554681317775, 0.41739909793351937, 0.42243510146328456, 0.408223240916906, 0.39193906085199665, 0.4153618333641619, 0.4250358291718637, 0.42653658335385886, 0.487881860163014, 0.7533901570665784, 0.9977984217577106, 0.9987716789328895, 0.996576279271638, 0.9989652797644836, 1.0008330332139694, 1.0019301511835323, 1.000319501458297, 0.9986958521942905, 1.0002925653645045, 1.0026291241812393, 1.0049032022338766, 1.0022549303858561, 1.0019099787853691, 1.000886946786439, 0.9985863506533693, 1.0008509054975219, 1.0003410398179267, 1.0024223093382656, 1.0045338728542412, 0.997356981689753, 0.9988148194213101, 1.0021075005094038, 0.9977018687402317, 1.0076835933731112, 1.0008407375698005, 0.9981051240946007, 0.997593306558101, 1.0026176728015384, 1.0024164670419484, 0.9963516077620493, 1.0046993949527825, 0.9976937856736662, 1.0045885334368876, 0.9911683300697127, 1.0029222343165802, 1.006174965716866, 1.0032347948270073, 0.9984464288799003, 0.9966079374067648, 1.0029149255898322, 1.0010952600745655, 0.9972334816466253, 0.9959177788688627, 1.0027010672477656, 0.9960353809152628, 1.0017056439120697, 0.997613106492305, 1.0008395340244842, 1.0003053332520364, 1.0006204234460556, 1.0024458453644831, 0.9968041954602737, 1.0020829090384937, 0.9978413938434884, 1.0002693297040515, 1.0009399665495193, 1.0030296957648999, 1.0012667743920238, 1.00169448118543, 0.9970769895216263, 1.0033554520669463, 1.0004611096007334, 1.0003193562207784, 0.9992153053720966, 1.0023582801548154, 1.0003238112124813, 0.996235516654352, 1.0045402997445851, 1.0012632676087092, 0.9969351739342036, 1.000575178054743, 1.0048532301161488, 0.9962752802403213, 1.0015620846935755, 1.0020316217143463, 0.9991325501791775, 1.0008353700283834, 1.0002480266396134, 1.0037641959939982, 0.9973348514481923, 1.0009384873652563, 1.002150789098448, 0.9987764733327008, 1.0040574511065754, 1.0003844811926763, 1.000649614885905, 1.0023390843358102, 1.0015467933692266, 0.9958443881122306, 1.0022045720092074, 0.9995212073409401, 0.9960640692294425, 0.9975586447653292, 1.0064974013374361, 0.9995848799376509, 1.0007574068927347, 1.0031361676199468, 0.9982747094599961, 1.0017442596531332, 1.0013032758600326, 0.9937320335983709, 0.9998505310720752, 1.004665969761178, 1.0000516329790308, 1.0008535890079482, 0.9990512265388622, 1.0021352010522868, 1.0024837435072687, 1.0007966129540355, 0.9990830457887274, 0.9990053304418206, 1.0040165167708583, 1.0029495452168726, 1.000107618138259, 0.9921562276032294, 0.9996304392294072, 1.0011679878922009, 0.9994228136070951, 0.999493520072454, 1.0020615583423964, 1.0047746667695359, 1.0014880351624635, 0.9968085538872464, 1.0045946557969505, 1.0028828731270336, 1.001349336976047, 1.000234378997936, 1.0008963833209208, 1.0037391386177863, 0.9986656870383883, 0.9998414550285672, 0.999224008691363, 1.0001346416869017, 1.0002535753375057, 1.001666976114548, 0.9952042050757263, 1.000217106144501, 1.0007117919005681, 1.003514839572157, 0.9963578777021717, 0.9963120768684487, 0.9986111092255106, 1.001456784369123, 0.9974989716663111, 0.9990586708726841, 1.0029563687774292, 1.0025269946156632, 1.0015314143297454, 1.0012469088666824, 1.0035043447298775, 1.0009417135642606, 1.00164820819963, 1.0060515817596403, 0.9971500455552313, 1.0034018939759533, 1.0053772567141004, 0.9997846499801203, 0.9985003804535845, 1.0018810150925248, 0.9987438698522909, 1.00344253185014, 1.0005059887748617, 0.9990666951154518, 0.9992405470281709, 0.9949718974042667, 1.0005967073044923, 1.001920334897187, 1.0037951037352784, 0.997642887731827, 1.000242778567768, 1.0048150664854258, 0.9936160976189192, 1.005221682604744, 1.0025465353087046],