{"epochs": [1, 2, 3, 4, 5, 6, 7, 8, 9, 10, 11, 12, 13, 14, 15, 16, 17, 18, 19, 20, 21, 22, 23, 24, 25, 26, 27, 28, 29, 30, 31, 32, 33, 34, 35, 36, 37, 38, 39, 40, 41, 42, 43, 44, 45, 46, 47, 48, 49, 50, 51, 52, 53, 54, 55, 56, 57, 58, 59, 60, 61, 62, 63, 64, 65, 66, 67, 68, 69, 70, 71, 72, 73, 74, 75, 76, 77, 78, 79, 80, 81, 82, 83, 84, 85, 86, 87, 88, 89, 90, 91, 92, 93, 94, 95, 96, 97, 98, 99, 100, 101, 102, 103, 104, 105, 106, 107, 108, 109, 110, 111, 112, 113, 114, 115, 116, 117, 118, 119, 120, 121, 122, 123, 124, 125, 126, 127, 128, 129, 130, 131, 132, 133, 134, 135, 136, 137, 138, 139, 140, 141, 142, 143, 144, 145, 146, 147, 148, 149, 150, 151, 152, 153, 154, 155, 156, 157, 158, 159, 160, 161, 162, 163, 164, 165, 166, 167, 168, 169, 170, 171, 172, 173, 174, 175, 176, 177, 178, 179, 180, 181, 182, 183, 184, 185, 186, 187, 188, 189, 190, 191, 192, 193, 194, 195, 196, 197, 198, 199, 200], "train_loss": [17.44472040984308, 16.588174578404324, 16.556163941928915, 16.41736897630983, 16.50557800359601, 16.36124201112439, 15.114453802983313, 14.568292447052668, 14.337521282345968, 14.153654381697875, 13.822201870414368, 13.677818848056043, 13.480651068375101, 13.415532707647465, 13.216292760257637, 13.254095518953415, 13.112340714733673, 13.134727315611194, 13.04829134795343, 12.958734924616252, 12.932346498081257, 12.955959486649027, 12.92168396529152, 12.943123967366448, 13.167510461599026, 13.053167118255748, 12.954610329007478, 12.863013396617106, 12.751534720175131, 12.550215979330405, 12.82136101285443, 12.67177487252581, 12.714041897303153, 12.623786151669432, 12.82601264886981, 12.73219146062193, 12.642728322458058, 12.606482101840223, 12.639620805931925, 12.45094159805098, 12.407056142149013, 12.517419831721543, 12.67321906027315, 12.516993301924659, 12.45021985399671, 12.415032794902418, 12.444956175625064, 12.400965086757877, 12.317484489174388, 12.31260929357537, 12.27193679976151, 12.344409476201086, 12.037701306905289, 12.220804618435656, 12.19290963635174, 12.17311120345603, 12.271617464623597, 12.16663912810613, 12.154153536500889, 11.935737018501914, 12.242408794086574, 12.097382037400159, 12.22728108318612, 11.950936921298764, 12.114690813955782, 12.045813302285806, 12.014449402755004, 11.95647046867937, 12.098777358708944, 11.81784340387869, 12.036689075320048, 12.076482481310983, 12.147032746060967, 11.93944038574352, 11.987614077772115, 12.002471499047425, 11.993192393706876, 12.042737977473497, 11.97315587122888, 11.860966719914732, 12.074522185013285, 12.00036412451465, 11.945319371452499, 12.026077920172412, 11.897113575164928, 11.877844831308423, 11.760332003431028, 11.898110768680489, 11.9489765583688, 11.939034840946114, 11.85669936883918, 11.916755601308232, 11.797950473935323, 11.922905393042418, 11.947435487305754, 11.918233217630844, 11.865864832848962, 11.801782162428943, 11.817123612982737, 11.79549695727086, 11.856688486957134, 11.693867496007394, 11.758923867904462, 11.872539890905655, 11.721566008688582, 11.908696366189348, 11.807353919249955, 11.830826263760896, 11.720877389199869, 11.6582028001677, 11.701441090179843, 11.61052109164442, 11.795710930137135, 12.175636058290973, 11.729931568995314, 11.740994291014026, 11.77458058069887, 11.680447786656009, 11.57372885708205, 11.631199640998673, 11.794477496084689, 11.751290808598547, 11.658867727721102, 11.548022894880136, 11.558388135318673, 11.701098117245337, 11.493866549829209, 11.666461203296112, 11.626309648871942, 11.712886864441451, 11.706792056820799, 11.640813094559716, 11.722778274502817, 11.677145857998378, 11.632317917836286, 11.625984804078481, 11.660220291937282, 11.549849189525087, 11.649345568694402, 11.608453675649052, 11.529631177410808, 11.669609798614635, 11.650461438441381, 11.650150174136765, 11.483599791880778, 11.610551163619261, 11.617816668931054, 11.518494256198666, 11.436692908341188, 11.602297603823732, 11.522488406651926, 11.532735216565527, 11.54066020432518, 11.56730422807052, 11.425126583815661, 11.448773484042638, 11.449369380567791, 11.467231234088215, 11.512132965321104, 11.5494364026332, 11.400619531823038, 11.389368861002692, 11.443860266406464, 11.415520784636252, 11.497045675219407, 11.399952534504854, 11.47005781648461, 11.399949215385071, 11.366434384641689, 11.346881487484062, 11.389639517105303, 11.54532014438679, 11.348595640024243, 11.44384819347265, 11.2974835524913, 11.318289740116835, 11.397835106828849, 11.434894403515944, 11.346483388842454, 11.395689302136283, 11.260487056715519, 11.477678607124428, 11.365540146307133, 11.354768557319474, 11.304889491551828, 11.384957284385981, 11.172625345954728, 11.323829563424056, 11.430094310810473, 11.373180776704347, 11.177571721472594, 11.325453903997829, 11.344105878771654, 11.291174855294706, 11.249766445576364, 11.236618458443854, 11.337298014278495, 11.427722955895304, 11.166838675086675, 11.173831760623049],