{"epochs": [1, 2, 3, 4, 5, 6, 7, 8, 9, 10, 11, 12, 13, 14, 15, 16, 17, 18, 19, 20, 21, 22, 23, 24, 25, 26, 27, 28, 29, 30, 31, 32, 33, 34, 35, 36, 37, 38, 39, 40, 41, 42, 43, 44, 45, 46, 47, 48, 49, 50, 51, 52, 53, 54, 55, 56, 57, 58, 59, 60, 61, 62, 63, 64, 65, 66, 67, 68, 69, 70, 71, 72, 73, 74, 75, 76, 77, 78, 79, 80, 81, 82, 83, 84, 85, 86, 87, 88, 89, 90, 91, 92, 93, 94, 95, 96, 97, 98, 99, 100, 101, 102, 103, 104, 105, 106, 107, 108, 109, 110, 111, 112, 113, 114, 115, 116, 117, 118, 119, 120, 121, 122, 123, 124, 125, 126, 127, 128, 129, 130, 131, 132, 133, 134, 135, 136, 137, 138, 139, 140, 141, 142, 143, 144, 145, 146, 147, 148, 149, 150, 151, 152, 153, 154, 155, 156, 157, 158, 159, 160, 161, 162, 163, 164, 165, 166, 167, 168, 169, 170, 171, 172, 173, 174, 175, 176, 177, 178, 179, 180, 181, 182, 183, 184, 185, 186, 187, 188, 189, 190, 191, 192, 193, 194, 195, 196, 197, 198, 199, 200], "train_loss": [0.18892010251735236, 0.14646621305479232, 0.1382291737382654, 0.13589365784420457, 0.15631640328330243, 0.13714006269456389, 0.2460002762277704, 0.23378033760333167, 0.29993361641356, 0.22829734913061278, 0.1562184260824622, 0.14085830668369756, 0.21076189783527863, 0.1355610564025729, 0.13251161332116115, 0.14319803942336526, 0.14730907192526946, 0.1282108613090614, 0.1184469343663303, 0.15725421520787816, 0.1614138877352773, 0.13696748750715407, 0.149549803322417, 0.14131915540837045, 0.12817972012710102, 0.13419530750964015, 0.13709042335181257, 0.14377746280429143, 0.1522612658016156, 0.13878797084158165, 0.12591789932067476, 0.13228604937679903, 0.14914463777664447, 0.13142392912871453, 0.21422353795196813, 0.27041008708974157, 0.30248588092592604, 0.2769592962671055, 0.2734619552131303, 0.2537095689226967, 0.2613837716686153, 0.2566422827249011, 0.24980672178830643, 0.2571826280139419, 0.2533286980894195, 0.2496339313555753, 0.2507185801278035, 0.24386652516746105, 0.2502964271403296, 0.2528165280493586, 0.24517501044741885, 0.32086619126354243, 0.4345373840571491, 0.41497287056591836, 0.4051989079432717, 0.4018519684737426, 0.3895525706517124, 0.3962315901398138, 0.3896145434098473, 0.3929677352504439, 0.38670103635850434, 0.3903074540425596, 0.4131787469423494, 0.4249945608288961, 0.4137483047866405, 0.4067037470606217, 0.3906829727398777, 0.37605589836445436, 0.3757206909521178, 0.37061915406753926, 0.368591458971844, 0.3745741025589439, 0.3757707742103843, 0.32196510326133543, 0.30592237848902376, 0.40904263820190095, 0.420631454891513, 0.4123859639120935, 0.33453490425665827, 0.2636205985751735, 0.24854764971865836, 0.2543787071928707, 0.24436089080884468, 0.24891720162338565, 0.2718014507574806, 0.26094314670718916, 0.25745516885316005, 0.2558764389443606, 0.24679578329928578, 0.2520945104384006, 0.2475740513947333, 0.2551726951999956, 0.24067857025362, 0.24432361526130067, 0.23153453710688254, 0.24954200649886152, 0.24429547815994404, 0.23712097066068233, 0.23589488610169773, 0.24219594664839159, 0.2400873029791632, 0.24719502334381296, 0.26591939700352574, 0.24245446679633778, 0.2491272321239309, 0.2507246008150963, 0.24706913713024173, 0.24100338853082282, 0.2539140098935652, 0.2457007507439784, 0.24870510627088588, 0.24103234086885203, 0.23379711263434855, 0.24516025797248409, 0.2560593982320686, 0.2563641009502536, 0.23972100904414748, 0.23681124974871828, 0.23798713140092043, 0.25542629383276644, 0.2444559033455807, 0.2550739208032991, 0.4507188249753552, 0.44552235409422214, 0.37240280646944673, 0.3057494037276272, 0.260095003130134, 0.2561260907377999, 0.25611228333159824, 0.25067096229593827, 0.2495941682413676, 0.24693040709178, 0.2385365136585902, 0.2570327528178952, 0.24698993889004903, 0.24611909537856755, 0.24037682281310901, 0.23910079431195447, 0.24558871470424284, 0.24365099395857107, 0.24452604737344266, 0.23880371181334992, 0.24467319503882046, 0.24164237664386173, 0.24007073552327385, 0.23233531493547183, 0.2390743257502281, 0.23923828800953112, 0.296236515272913, 0.24489076172030128, 0.2390023659280294, 0.2356734952551829, 0.2365896855704649, 0.2456619459240978, 0.23505597555090768, 0.23026847302523243, 0.2399164998342637, 0.2420635984063669, 0.23861761765318668, 0.23901075131247657, 0.24093778867388396, 0.24209671132429197, 0.23415480859935545, 0.23521186180380235, 0.23967465410196104, 0.24017877076390529, 0.23539736099118228, 0.2339408162932469, 0.2397278192977718, 0.2420646510204894, 0.2438551453979255, 0.24628063759819388, 0.22965007947196606, 0.23980376270790807, 0.23157759859962754, 0.24090002216886744, 0.22903996572614238, 0.2264463854018257, 0.24249134050055882, 0.23950230831272218, 0.23576562318088706, 0.23025249312408105, 0.23472822636496032, 0.23675663827808663, 0.23383418226606462, 0.23284596188490048, 0.23641534858916002, 0.2327202714686831, 0.2391709667105862, 0.23603755183615538, 0.2251568719028906, 0.23283504501115287, 0.23230451041238798, 0.2384979444104511, 0.23924696746416488, 0.22663710799930398, 0.23253287337557718, 0.23510208094744703, 0.23923852263774933, 0.23445628801417664],