{"epochs": [1, 2, 3, 4, 5, 6, 7, 8, 9, 10, 11, 12, 13, 14, 15, 16, 17, 18, 19, 20, 21, 22, 23, 24, 25, 26, 27, 28, 29, 30, 31, 32, 33, 34, 35, 36, 37, 38, 39, 40, 41, 42, 43, 44, 45, 46, 47, 48, 49, 50, 51, 52, 53, 54, 55, 56, 57, 58, 59, 60, 61, 62, 63, 64, 65, 66, 67, 68, 69, 70, 71, 72, 73, 74, 75, 76, 77, 78, 79, 80, 81, 82, 83, 84, 85, 86, 87, 88, 89, 90, 91, 92, 93, 94, 95, 96, 97, 98, 99, 100, 101, 102, 103, 104, 105, 106, 107, 108, 109, 110, 111, 112, 113, 114, 115, 116, 117, 118, 119, 120, 121, 122, 123, 124, 125, 126, 127, 128, 129, 130, 131, 132, 133, 134, 135, 136, 137, 138, 139, 140, 141, 142, 143, 144, 145, 146, 147, 148, 149, 150, 151, 152, 153, 154, 155, 156, 157, 158, 159, 160, 161, 162, 163, 164, 165, 166, 167, 168, 169, 170, 171, 172, 173, 174, 175, 176, 177, 178, 179, 180, 181, 182, 183, 184, 185, 186, 187, 188, 189, 190, 191, 192, 193, 194, 195, 196, 197, 198, 199, 200], "train_loss": [17.313468633260268, 14.77104250312372, 14.472341962256285, 14.165319488558707, 14.137155890985348, 13.989649368685926, 13.917714377157553, 13.78879240610714, 13.674800481338167, 13.615866752691144, 13.558175016178314, 13.515875133364482, 13.561205168478354, 13.500548146177067, 13.45465300280975, 13.366779015053828, 13.340876487665302, 13.355746918890674, 13.267325201409353, 13.38447297608488, 13.324588958873498, 13.272631070499337, 13.347076062031709, 13.157488777127329, 13.156554434497284, 13.20937597699561, 13.162067833946262, 12.980629429546505, 13.082963098084562, 12.919483243117686, 12.983693576796085, 13.929467255371627, 13.054760953744946, 13.017780520509945, 12.954476244064399, 12.92814878188887, 12.649261337180326, 12.690662271591254, 12.724768230488207, 12.758769951533022, 12.8179934888948, 12.651557664163247, 12.741688161958253, 12.453858950252616, 12.532558707691177, 12.516389038885524, 12.620177035769, 12.616551774037458, 12.799054566429172, 12.72355509012547, 12.56963392116097, 12.789061479693418, 12.666908788889256, 12.460062222709823, 12.551810710190686, 12.565434060242499, 12.461897571014005, 15.596614908443268, 12.531876430761345, 12.541092972568029, 12.543238760602526, 12.488534173590647, 12.43352187460687, 12.513327061349127, 12.475939076019687, 12.368908057566813, 12.38255853111567, 12.49651817255145, 12.578005923974983, 12.546679334348987, 12.849775168572972, 12.793388520786335, 12.368393768910238, 12.34864359026913, 12.379219330033882, 12.434683012650003, 12.389167552431598, 12.947106577944027, 12.410628722744738, 12.364410229645442, 12.389884682201401, 12.529360463004966, 12.176884218074349, 12.29714228284411, 12.235956029600452, 12.30397854517641, 12.28388851282378, 12.330834480352276, 12.384736927315657, 12.318342100584871, 12.322042077909911, 12.30300153290861, 12.342844479989797, 12.341947297341958, 12.206729397503048, 12.256917224700794, 12.146967275694468, 12.180913858538633, 12.326085402975957, 12.258028879956907, 12.263137567511812, 12.272608369718993, 12.228955539553446, 12.235507282107157, 12.259468586684314, 12.168245969380875, 12.294681603210982, 12.172728638461583, 12.29447520976504, 12.166204506653365, 12.237168353717921, 12.360797282389678, 12.224156983554623, 12.157451329793473, 12.139951256164817, 12.17101097939837, 12.130707132764257, 12.250992329360095, 12.256878307292554, 12.092941525721654, 12.169343365331924, 12.162613523058496, 12.140609945272255, 12.16260950846443, 12.143568555340496, 12.010297829407271, 12.200016284093065, 12.202265414608618, 12.039741274571314, 11.978879108179084, 12.08613776744193, 12.15470933289507, 12.066324983621788, 12.229247451349117, 12.127522431086245, 12.072676437910987, 11.953557647471865, 11.96762590116809, 12.148360152431971, 12.036040610101026, 12.039327105059895, 11.975202597905454, 12.124672277525523, 11.874861967095121, 12.060318955167412, 12.055082825073509, 12.047744284550696, 11.897043074062298, 11.86761482105505, 12.064561739759153, 11.796830931084646, 11.812274304019311, 12.016853374164699, 11.879210155603667, 11.934318988083753, 11.991370592575407, 11.933345665577718, 11.71728636812435, 11.916470719216692, 11.933246929052094, 11.793118618461243, 11.977914585296764, 11.962630684198771, 11.87808993810129, 11.885916126867569, 11.907759083410538, 11.984167107328057, 11.915462293999685, 11.87319319945756, 11.72835739835381, 11.795901465103617, 11.824884468811568, 11.857869598022194, 11.866022651372518, 12.008597994475386, 11.779710723843637, 11.969522034757523, 11.776703351449758, 11.818635578238808, 11.83719735791069, 11.796021324057767, 11.732565463370111, 11.802678524666998, 11.809293351319159, 11.786277083850845, 11.83946749841282, 11.806775288810897, 11.804313568048602, 11.781564770827647, 11.700146862513114, 11.753592736856385, 11.742249226466017, 11.852258869654227, 11.796215873618314, 11.855240122199579, 11.704684915500957, 11.873832182072135, 11.673871902399188, 11.741845726446293, 11.806358695550777],