{"epochs": [1, 2, 3, 4, 5, 6, 7, 8, 9, 10, 11, 12, 13, 14, 15, 16, 17, 18, 19, 20, 21, 22, 23, 24, 25, 26, 27, 28, 29, 30, 31, 32, 33, 34, 35, 36, 37, 38, 39, 40, 41, 42, 43, 44, 45, 46, 47, 48, 49, 50, 51, 52, 53, 54, 55, 56, 57, 58, 59, 60, 61, 62, 63, 64, 65, 66, 67, 68, 69, 70, 71, 72, 73, 74, 75, 76, 77, 78, 79, 80, 81, 82, 83, 84, 85, 86, 87, 88, 89, 90, 91, 92, 93, 94, 95, 96, 97, 98, 99, 100, 101, 102, 103, 104, 105, 106, 107, 108, 109, 110, 111, 112, 113, 114, 115, 116, 117, 118, 119, 120, 121, 122, 123, 124, 125, 126, 127, 128, 129, 130, 131, 132, 133, 134, 135, 136, 137, 138, 139, 140, 141, 142, 143, 144, 145, 146, 147, 148, 149, 150, 151, 152, 153, 154, 155, 156, 157, 158, 159, 160, 161, 162, 163, 164, 165, 166, 167, 168, 169, 170, 171, 172, 173, 174, 175, 176, 177, 178, 179, 180, 181, 182, 183, 184, 185, 186, 187, 188, 189, 190, 191, 192, 193, 194, 195, 196, 197, 198, 199, 200], "train_loss": [0.15529114583417708, 0.11618492523753227, 0.12094565199517267, 0.11052789767659127, 0.11145414102123033, 0.10850049437361253, 0.1277268140385635, 0.11445139575440551, 0.11517768209255158, 0.10858885780399803, 0.09922514011977672, 0.10859848389719251, 0.1004730402756336, 0.10450920829443693, 0.10798091122953782, 0.12184836434842979, 0.12251553422563982, 0.11738122333508132, 0.11852172332689752, 0.11112519592762514, 0.10130774005271462, 0.09484402713768476, 0.10101915387168331, 0.09730387120365315, 0.10331742060431746, 0.10180591902081493, 0.09602577169324113, 0.10325415800915275, 0.11410730601772341, 0.10795739102767024, 0.10077553739828184, 0.09513578282905068, 0.09921286271795565, 0.09958949242616845, 0.09304249760853411, 0.08789582490335385, 0.086619610109216, 0.09180105874095291, 0.08827998997505315, 0.0953553155243527, 0.09182132244126374, 0.09254686862604457, 0.09150459574673764, 0.10063306796547497, 0.09437174107228695, 0.09636135204943247, 0.08817591025660783, 0.09958048137596211, 0.09130135918743745, 0.08951226562489328, 0.09239409967655048, 0.09433634148089126, 0.0915990169668432, 0.08704259616676636, 0.09083965740382151, 0.07913011255141299, 0.08773618871061432, 0.08266364729365407, 0.08863001342000659, 0.0917390468388015, 0.09242806567782007, 0.08619681930405344, 0.08310605556293346, 0.0892440929244309, 0.08497063496747913, 0.09141612496617449, 0.08912442651817241, 0.08810118240544239, 0.09778027491863638, 0.0878088154899176, 0.0843721672640422, 0.08852077197429915, 0.08372517573488591, 0.08246115270156137, 0.08327294748650628, 0.07908331215641905, 0.08772680177617671, 0.08088507853432124, 0.08056543735323644, 0.08503587916493416, 0.08294246898858308, 0.07555047188800104, 0.08691713784508179, 0.08015636356311594, 0.07836107831594726, 0.09766479593388508, 0.07813086686045842, 0.0857826108397615, 0.08846125293799623, 0.08471315916969266, 0.08569999288474758, 0.09362897133723097, 0.0787123134197041, 0.08396317448678496, 0.08242063488258154, 0.07944874063654758, 0.0822809995619751, 0.07982220437162145, 0.08401965500388343, 0.0894370440182207, 0.07578126508661233, 0.08241957060862577, 0.08022306958319188, 0.07753052736538987, 0.08187753664874614, 0.07620581391157671, 0.08309855251105332, 0.07723244504929891, 0.08028795786901463, 0.08394036688902883, 0.08608242213384423, 0.0762732626390379, 0.08662693574211222, 0.08538060814984078, 0.0810738774219845, 0.08185547546739792, 0.08443408561504434, 0.08752322032657253, 0.08907422997203847, 0.09096343086536274, 0.08799094611201354, 0.0830351237947829, 0.09258815444452793, 0.08203281155547461, 0.08630703134649315, 0.08479749690334609, 0.08014494945665245, 0.07741129718411828, 0.08047068966999975, 0.08185316854071148, 0.08214826020107129, 0.07756702714563067, 0.0763077916593726, 0.07983034421734544, 0.08008691650005993, 0.08575106378823649, 0.08550664465711758, 0.08774293335683352, 0.0849770433762554, 0.08166881810109168, 0.07244262893533733, 0.08332876254312337, 0.07838036269600214, 0.08423482354600227, 0.08031479239170988, 0.07705856193524001, 0.0792172455053988, 0.09337731570363306, 0.08164156994103214, 0.08640339752602265, 0.08750891702566865, 0.09229644279373915, 0.10859382008995422, 0.11413564194221554, 0.09863889534595752, 0.10477352512422868, 0.09338139773928052, 0.10843408474592924, 0.09896881906031, 0.09352278242936951, 0.09056555008003285, 0.09713082243261378, 0.09311453164778813, 0.09662006992244825, 0.09806402318797777, 0.0976455730495885, 0.08978304006647335, 0.0882108811427347, 0.08580722214499545, 0.08901473401545437, 0.08959301965774798, 0.08991714405082979, 0.08633371739847562, 0.08596509451445143, 0.0851277383735737, 0.08607391553512046, 0.08497434484825254, 0.07979746782281903, 0.08928853735392792, 0.09175525922897601, 0.10182064512183313, 0.09193953011982045, 0.08910422382559058, 0.08630350869815943, 0.08387804294094509, 0.08567178209503405, 0.08726797220764852, 0.08687108790493818, 0.08480285529014715, 0.08389197776752919, 0.08254926465451717, 0.0761133770470601, 0.08018520698927376, 0.07887179677793553, 0.08543189320973564, 0.08449524995671609, 0.08175896008104476, 0.09618273102088656, 0.10686883771198286, 0.09936127787268839],