{"epochs": [1, 2, 3, 4, 5, 6, 7, 8, 9, 10, 11, 12, 13, 14, 15, 16, 17, 18, 19, 20, 21, 22, 23, 24, 25, 26, 27, 28, 29, 30, 31, 32, 33, 34, 35, 36, 37, 38, 39, 40, 41, 42, 43, 44, 45, 46, 47, 48, 49, 50, 51, 52, 53, 54, 55, 56, 57, 58, 59, 60, 61, 62, 63, 64, 65, 66, 67, 68, 69, 70, 71, 72, 73, 74, 75, 76, 77, 78, 79, 80, 81, 82, 83, 84, 85, 86, 87, 88, 89, 90, 91, 92, 93, 94, 95, 96, 97, 98, 99, 100, 101, 102, 103, 104, 105, 106, 107, 108, 109, 110, 111, 112, 113, 114, 115, 116, 117, 118, 119, 120, 121, 122, 123, 124, 125, 126, 127, 128, 129, 130, 131, 132, 133, 134, 135, 136, 137, 138, 139, 140, 141, 142, 143, 144, 145, 146, 147, 148, 149, 150, 151, 152, 153, 154, 155, 156, 157, 158, 159, 160, 161, 162, 163, 164, 165, 166, 167, 168, 169, 170, 171, 172, 173, 174, 175, 176, 177, 178, 179, 180, 181, 182, 183, 184, 185, 186, 187, 188, 189, 190, 191, 192, 193, 194, 195, 196, 197, 198, 199, 200], "train_loss": [18.178864449913323, 16.33203660973295, 15.988141430517471, 15.77526954167795, 15.684971122241958, 15.491859590122273, 15.262664216054059, 15.019774020499018, 14.967835651214466, 14.711512190806292, 14.670167723076833, 14.666566732148416, 14.590763891628216, 14.541274353926879, 14.555526412730654, 14.439853351709624, 14.31207357848055, 14.316730166106245, 14.22824729269769, 14.180538523145117, 14.190681086877548, 14.081911828320099, 14.002112371952773, 14.024389604293622, 13.785577803199468, 13.833805125873683, 13.75569105772993, 13.539481854334669, 13.701347975751718, 13.661732128093336, 13.498577338639306, 13.409403809293389, 13.226715516835842, 13.376815704279071, 13.409173890492802, 13.260803955611182, 13.261411125482951, 13.187056195787989, 13.262982022814356, 13.148221923794809, 13.135585680799192, 13.03237532319981, 13.151505524414596, 12.998628258184574, 13.084928475092592, 12.889802104000442, 12.947975462701123, 13.013689449260328, 12.966339211276525, 12.902830086420717, 12.911425219873154, 12.941952255615501, 12.934730496469022, 12.84055415407539, 12.767313923898222, 12.792989560089778, 12.871799477323174, 12.634972201684677, 12.842412190666366, 12.631029145686387, 12.682705795921093, 12.744760888112165, 12.588944814090645, 12.726312895529135, 12.490005551467295, 12.557236546512254, 12.541811526602533, 12.531056803907369, 12.44678959575803, 12.41930388154942, 12.510339153906143, 12.525509900921817, 12.460072946340237, 12.332844317740228, 12.380736288545434, 12.492896030042889, 12.458049807486056, 12.527525522823417, 12.275951064830263, 12.371756999253186, 12.25723661814194, 12.292023946104091, 12.382326134427666, 12.229884572424742, 12.148565733797165, 12.333698918205162, 12.275596785233011, 12.1696148376798, 12.207764654700933, 12.1826185118163, 12.157400930812786, 12.222760400397288, 12.262767158741514, 12.224590393133038, 12.17027313532267, 12.13945276768447, 12.190145842373111, 11.96940963445272, 12.096421670705471, 11.978789167112659, 12.053972298401412, 12.064143418224617, 11.990687928345526, 12.07894227390206, 12.040025357075654, 12.002228957596826, 12.07414341389352, 11.96801196852105, 11.92677873086721, 12.026883429314893, 11.900131667024704, 11.951779740346051, 12.04212446087833, 11.966727627416885, 11.9428705690209, 12.00677605175035, 11.99502926205964, 11.811138598679456, 12.132300772521173, 11.863021463285888, 11.925983183248595, 11.919676605790984, 11.962248752210858, 11.817807468264384, 11.9245579732037, 11.906153807994059, 11.79659299142496, 11.893173513454121, 11.940918301911333, 11.789789891138868, 11.87244935014883, 11.681877810882169, 11.780985690620788, 11.725100810871375, 12.007265215877883, 11.801152841493032, 11.867041296313424, 11.904143874822225, 11.658381674487519, 11.644708708384151, 11.799104357390425, 11.687107685872041, 11.819044783646364, 11.722898570731218, 11.727250065865995, 11.869033205457129, 11.781253677268216, 11.592108826449865, 11.741401976372998, 11.713432836740818, 11.818121939246831, 11.796786783043475, 11.647503465544188, 11.94740373286618, 11.665235798431796, 11.540727315511246, 11.637545448203275, 11.748057057243248, 11.645104212531876, 11.68938869159815, 11.767214400278949, 11.588661910144523, 11.646957809748088, 11.701618473602695, 11.706952961251204, 11.627090878882262, 11.763176959674952, 11.764879859691103, 11.499558294704388, 11.673683320591023, 11.690184793097483, 11.713912443302604, 11.648130071215235, 11.5440673328383, 11.626323924835072, 11.689352331203144, 11.582696485727634, 11.605810848386007, 11.66665938431519, 11.518261930307446, 11.521761456951824, 11.586561373748113, 11.766759893259106, 11.606268270567515, 11.499164039911662, 11.56072420844865, 11.507563103754968, 11.535290705585064, 11.614181964157972, 11.442437188594102, 11.645353604612392, 11.476411240590192, 11.59130468535111, 11.513466884996173, 11.589164092551153, 11.671681933007386, 11.451345427067519, 11.540207563008805, 11.598880730341616, 11.616229278031396],