{"epochs": [1], "train_loss": [18.90346126473106], "time_taken": [60.591569900512695]}