{"epochs": [1, 2, 3, 4, 5, 6, 7, 8, 9, 10, 11, 12, 13, 14, 15, 16, 17, 18, 19, 20, 21, 22, 23, 24, 25, 26, 27, 28, 29, 30, 31, 32, 33, 34, 35, 36, 37, 38, 39, 40, 41, 42, 43, 44, 45, 46, 47, 48, 49, 50, 51, 52, 53, 54, 55, 56, 57, 58, 59, 60, 61, 62, 63, 64, 65, 66, 67, 68, 69, 70, 71, 72, 73, 74, 75, 76, 77, 78, 79, 80, 81, 82, 83, 84, 85, 86, 87, 88, 89, 90, 91, 92, 93, 94, 95, 96, 97, 98, 99, 100, 101, 102, 103, 104, 105, 106, 107, 108, 109, 110, 111, 112, 113, 114, 115, 116, 117, 118, 119, 120, 121, 122, 123, 124, 125, 126, 127, 128, 129, 130, 131, 132, 133, 134, 135, 136, 137, 138, 139, 140, 141, 142, 143, 144, 145, 146, 147, 148, 149, 150, 151, 152, 153, 154, 155, 156, 157, 158, 159, 160, 161, 162, 163, 164, 165, 166, 167, 168, 169, 170, 171, 172, 173, 174, 175, 176, 177, 178, 179, 180, 181, 182, 183, 184, 185, 186, 187, 188, 189, 190, 191, 192, 193, 194, 195, 196, 197, 198, 199, 200], "train_loss": [1.0023095969549953, 1.0003510815087364, 1.001839236401054, 1.0016311240508566, 1.0019271574166144, 0.9992989905536435, 0.9962069163155868, 1.0005024942248149, 0.9961250676858894, 1.0004343249912346, 1.0015300184358156, 0.9990424451349084, 1.0007527944302455, 1.002251839273361, 1.0017128339500927, 0.9975761120496358, 1.0033368041421649, 1.002851690787936, 0.994261437628467, 1.001826329262496, 1.0052450400773094, 0.9984040773071056, 1.0062618669464078, 0.9989108263665412, 0.9981716772354325, 0.9986896228582057, 1.0002822665147906, 0.9968657660171976, 1.0023550792031934, 0.9987587403001743, 1.0017271390648388, 0.9992776958182389, 0.9981209255722412, 1.0022324950934498, 0.9962749384896724, 0.9976689063305417, 1.0016981628784447, 1.0031966468132218, 1.003051727359472, 1.0032941670396962, 1.0039305601057527, 0.9960262332941247, 0.9956511961841167, 1.0007280652700032, 0.9954047648146683, 1.001561081045059, 1.0022604504526962, 1.004669313607778, 1.0052568201935448, 0.9955765357704662, 0.9962509123518998, 1.0030141168286186, 0.9928347223710805, 1.0004630117437205, 0.9984591978085614, 0.996264772123645, 1.0022803042653345, 0.9947637621492278, 1.0052036978792416, 1.003685949410934, 0.99992760898765, 0.9943174592272163, 1.0070970290092403, 0.9975524776367121, 1.0023688379854094, 1.0028325631628912, 0.9971022501783079, 1.005458956462327, 1.0015536515473278, 1.0013409142410912, 1.0017303618801734, 0.9964655622124151, 1.0005110372101895, 0.9990090480537914, 0.9959253608920168, 1.0020622767215213, 0.9975898963395164, 0.9991820196918004, 0.9987603688864729, 0.995397181750385, 1.0005992552078447, 1.0023324114787007, 1.0034433881788796, 1.0026628658761103, 1.0013322916093352, 0.9973558098988762, 1.001505208588063, 1.0015455434936624, 1.0052364676800358, 0.9967918619838865, 1.0037514093661413, 1.0008538547561678, 1.0010152987517644, 1.0056834811727033, 1.0027586718834123, 1.0017754268958579, 1.0013239656993915, 0.9967473175327851, 1.0009337439807742, 0.9956287262741655, 0.9987284168926389, 0.997678853799162, 1.0086688466988276, 1.0032986889239481, 1.0000371139122408, 0.998962042633623, 1.0016954850942288, 0.9981768768947717, 0.9984683974861578, 1.0006049972954796, 0.9980475728168238, 1.0022037755453952, 1.00284471964732, 1.000035646440681, 1.0033558656555075, 1.0066992918997353, 0.996679152984286, 1.0004222119739483, 0.9993187522263506, 1.0021237103699596, 0.9961738779034677, 0.9985974831872632, 1.0007143619279153, 0.9965378199602318, 0.997900649709993, 0.995524209659693, 1.001235250822842, 1.0034286832705335, 0.9941855416547783, 0.9966687536656076, 1.0016597189236938, 1.0012233278116285, 1.0018953714828824, 1.0027851626342041, 0.998077062279897, 1.0050943538091068, 1.0010774242305338, 1.005796067319062, 1.0008685601850784, 0.9999983859895099, 0.9944485584721294, 1.000083867379151, 0.9993517370203177, 1.0000587600287392, 1.0005280065744724, 1.0064947610338701, 1.0017829050663778, 0.9961570337349671, 0.9999401920747548, 1.0012013422870218, 0.9993404454539436, 1.0017078144060994, 1.0008475673771322, 0.9991591955376504, 1.0038145999200478, 1.001035624976762, 0.99765104888308, 1.0006395778801764, 1.002950663129315, 1.0018090212709518, 1.0050894081852841, 1.003253027080969, 1.0020738142546608, 1.0033191283717426, 1.0044222513140548, 1.0002781912749512, 1.001437485218048, 1.0026184921701922, 1.0055735647418094, 1.0007516528321145, 1.003558281467471, 0.9993976253088905, 1.0012678506592996, 1.0055322532570519, 1.0020641057251842, 1.0027224658358045, 1.0008158834740584, 1.0054750567440383, 1.0073841950778877, 0.9992921862539766, 0.9998378899420193, 0.9987239801206964, 1.0029887575249485, 0.9980757744031181, 0.9961271884660012, 0.9983220217529863, 1.0011607866620393, 0.9982610206937165, 0.9976030085805202, 0.9938600060721152, 1.0036086755027938, 1.005766904770547, 0.9935600551975866, 0.9991868882720647, 0.9999532699584961, 1.0012572938698348, 1.0020406644417208, 0.9995094264438579, 1.0028712424128337, 1.0025812231297055],