{"epochs": [1, 2, 3, 4, 5, 6, 7, 8, 9, 10, 11, 12, 13, 14, 15, 16, 17, 18, 19, 20, 21, 22, 23, 24, 25, 26, 27, 28, 29, 30, 31, 32, 33, 34, 35, 36, 37, 38, 39, 40, 41, 42, 43, 44, 45, 46, 47, 48, 49, 50, 51, 52, 53, 54, 55, 56, 57, 58, 59, 60, 61, 62, 63, 64, 65, 66, 67, 68, 69, 70, 71, 72, 73, 74, 75, 76, 77, 78, 79, 80, 81, 82, 83, 84, 85, 86, 87, 88, 89, 90, 91, 92, 93, 94, 95, 96, 97, 98, 99, 100, 101, 102, 103, 104, 105, 106, 107, 108, 109, 110, 111, 112, 113, 114, 115, 116, 117, 118, 119, 120, 121, 122, 123, 124, 125, 126, 127, 128, 129, 130, 131, 132, 133, 134, 135, 136, 137, 138, 139, 140, 141, 142, 143, 144, 145, 146, 147, 148, 149, 150, 151, 152, 153, 154, 155, 156, 157, 158, 159, 160, 161, 162, 163, 164, 165, 166, 167, 168, 169, 170, 171, 172, 173, 174, 175, 176, 177, 178, 179, 180, 181, 182, 183, 184, 185, 186, 187, 188, 189, 190, 191, 192, 193, 194, 195, 196, 197, 198, 199, 200], "train_loss": [22.853283578131396, 24.74483744025751, 24.74457632506258, 24.744255798872903, 24.743735367554244, 24.743131937418443, 24.742450805730694, 24.74118588376774, 24.739153832847894, 24.73586860390209, 24.727813912270893, 24.703699361809477, 24.607293099815667, 24.205536521678408, 23.262110780940827, 22.673222104534833, 22.430317008339163, 22.370146330787627, 22.326131987259377, 22.314829030932298, 22.293629991956152, 22.304827136243794, 22.327205516365417, 22.30146270652005, 22.280141064173268, 22.28775016085029, 22.255656971161024, 22.284456652845357, 22.289899692785273, 22.308756674220987, 22.271962294932536, 22.278941924915564, 22.305933090276593, 22.284856454774282, 22.284301974367366, 22.27518511443159, 22.284873112840945, 22.26047781565304, 22.28729773608878, 22.267764528765948, 22.269471297618082, 22.27477424321737, 22.29640706657843, 22.25839607372034, 22.25926164352217, 22.256408466522352, 22.282794910747413, 22.246050347407312, 22.258454826721458, 22.24498958670937, 22.241337347238865, 22.273985691986752, 22.29172724094974, 22.263697320196826, 22.252709317936127, 22.27908946541199, 22.263422270529134, 22.278775852319974, 22.22381077062615, 22.249727590635874, 22.25226322323995, 22.26102158492309, 22.227703844095423, 22.25391650304003, 22.243609599150943, 22.248037563140734, 22.229806900024414, 22.256794367294646, 22.237195435569795, 22.235917445353547, 22.241695703897935, 22.244091233832346, 22.256474890563165, 22.235226135587066, 22.250126717913098, 22.236878749064484, 22.21562625435242, 22.24094440010437, 22.216234665250152, 22.23096533529623, 22.242320489675198, 22.22947190630384, 22.25173078978426, 22.25016283260162, 22.24342696010806, 22.23586279856586, 22.24739093863808, 22.254006506574207, 22.246764645305785, 22.250613741479064, 22.24867370139043, 22.250495694089665, 22.230529302072316, 22.219438994295214, 22.23924680984697, 22.21245960585415, 22.235007273578226, 22.24325642315061, 22.24942429721616, 22.24598125807583, 22.24828965799257, 22.246336066566702, 22.235485801530196, 22.193056964457817, 22.227262480290175, 22.235056698062014, 22.23699653825385, 22.23757065852136, 22.22115090216091, 22.229352126475504, 22.22370772382578, 22.235276759451654, 22.217633243210972, 22.208117689107702, 22.21766889147363, 22.212198540633423, 22.233191560970123, 22.2460919509288, 22.23667578718027, 22.224047348488888, 22.22646405915506, 22.232210059353356, 22.219018311479726, 22.24530206705285, 22.245302575123883, 22.20156876176726, 22.209606945254396, 22.19627091353637, 22.217691771328187, 22.215199574632937, 22.237982837393815, 22.216882397514244, 22.23676486619175, 22.200903538533172, 22.244346568678143, 22.186151721071468, 22.209407423260952, 22.218228777423175, 22.212263090641738, 22.207672119140625, 22.22056830293747, 22.22403965246209, 22.206865527223812, 22.204888531214284, 22.221397358257178, 22.186876563526138, 22.221741064146617, 22.221089450552995, 22.208113549578137, 22.19001674235648, 22.232964986276418, 22.181911984905927, 22.229084747847512, 22.233451385164887, 22.195335937899795, 22.204780412032616, 22.21144090677453, 22.19922775368503, 22.20066618607034, 22.211660776596403, 22.217824302906553, 22.196576480782188, 22.180469596229788, 22.207831919974115, 22.19866393643175, 22.203777438167922, 22.212258684583105, 22.197051052443324, 22.2062976287442, 22.20689257992407, 22.221295727392473, 22.222971937021313, 22.191669180924194, 22.205353457854823, 22.182753475472396, 22.20392566164508, 22.20691355243, 22.213651790369024, 22.201172732890434, 22.199095288738935, 22.210078993218435, 22.2093620050422, 22.192837394481142, 22.2143511209946, 22.176660762603625, 22.195412323464474, 22.20333891456304, 22.223768051014197, 22.18803921328882, 22.217019351809306, 22.202362635250175, 22.181192797864888, 22.189823725338066, 22.185989621424778, 22.19374650846923, 22.209970024475364, 22.201190140570095, 22.195135533028814, 22.20199940610661, 22.189309407529873],