{"epochs": [1, 2], "train_loss": [0.04849085283331475, 0.016930950797411033]}