{"epochs": [1, 2], "train_loss": [13.569996092517304, 11.566363738613878]}