{"epochs": [1, 2, 3, 4, 5, 6, 7, 8, 9, 10, 11, 12, 13, 14, 15, 16, 17, 18, 19, 20, 21, 22, 23, 24, 25, 26, 27, 28, 29, 30, 31, 32, 33, 34, 35, 36, 37, 38, 39, 40, 41, 42, 43, 44, 45, 46, 47, 48, 49, 50, 51, 52, 53, 54, 55, 56, 57, 58, 59, 60, 61, 62, 63, 64, 65, 66, 67, 68, 69, 70, 71, 72, 73, 74, 75, 76, 77, 78, 79, 80, 81, 82, 83, 84, 85, 86, 87, 88, 89, 90, 91, 92, 93, 94, 95, 96, 97, 98, 99, 100, 101, 102, 103, 104, 105, 106, 107, 108, 109, 110, 111, 112, 113, 114, 115, 116, 117, 118, 119, 120, 121, 122, 123, 124, 125, 126, 127, 128, 129, 130, 131, 132, 133, 134, 135, 136, 137, 138, 139, 140, 141, 142, 143, 144, 145, 146, 147, 148, 149, 150, 151, 152, 153, 154, 155, 156, 157, 158, 159, 160, 161, 162, 163, 164, 165, 166, 167, 168, 169, 170, 171, 172, 173, 174, 175, 176, 177, 178, 179, 180, 181, 182, 183, 184, 185, 186, 187, 188, 189, 190, 191, 192, 193, 194, 195, 196, 197, 198, 199, 200], "train_loss": [0.13634377633380057, 0.13319063169564482, 0.16193665851997496, 0.14166310703682847, 0.13771038439824332, 0.7428711099818545, 0.99901046424974, 0.9988053399402502, 0.999994362285564, 0.9978818273960763, 1.0011496981158527, 1.000934938936775, 1.0002074681515256, 0.9993601477822882, 0.9977700129867121, 0.9961601126141943, 0.9973784789247805, 0.9959447740467354, 1.001670470664595, 1.0020625029068326, 1.003750619149104, 1.0018449456931202, 1.0016086377431213, 1.001209652580028, 1.0045868223411027, 0.9973747472575658, 0.9756378560087046, 0.9099131158866216, 0.7828801047854028, 0.7331164479255676, 0.6538538779233741, 0.6468514688150331, 0.6229578112150383, 0.6134983713710151, 0.6042213037805265, 0.5902502206215171, 0.5755527015596498, 0.5699520527535651, 0.5630278148765647, 0.5353016474621786, 0.5478627490424693, 0.5521163740012323, 0.5302258945968994, 0.5209103602769594, 0.5284551682690866, 0.5164160328921272, 0.5272651310831178, 0.521609602406556, 0.5199398131610005, 0.5166404784766868, 0.4998586422491282, 0.48914568249835716, 0.476144832554863, 0.4675207866201234, 0.45896735344911765, 0.45827664168120474, 0.4596154507591214, 0.4398252354959213, 0.47128771317057216, 0.4724513306628148, 0.457652886882099, 0.45334744674670124, 0.45347002539051673, 0.4329765383723521, 0.430966619776326, 0.42487490912452014, 0.41870728694715875, 0.4187099115687166, 0.42323372737549275, 0.41350618017813, 0.41227989165543466, 0.4314368973002163, 0.4376666275174337, 0.46977796428328517, 0.4501224135467579, 0.41781464576981475, 0.40501997017964525, 0.42345573346427434, 0.4075511542340033, 0.44285683366409034, 0.41104131462011795, 0.3993785022127576, 0.39645104058184477, 0.38349847599668796, 0.3653261976471114, 0.3379015597193522, 0.3489667782356645, 0.328029831749383, 0.32414591104182616, 0.29183530293437593, 0.2979968388658424, 0.2913147734242235, 0.27738053699768267, 0.2648646144692554, 0.26102422343721554, 0.26025475773098167, 0.26566343728501723, 0.25117960673102124, 0.2529672575244216, 0.2563847558141796, 0.2505731452500456, 0.24123889744672192, 0.24563733823434755, 0.27755066013882773, 0.24686359591359133, 0.2644984211658807, 0.2491569907188936, 0.23167788230826242, 0.23644706676815794, 0.23830995871380428, 0.21662434717583343, 0.24411695920679247, 0.2149122221045619, 0.22830154928968463, 0.20866767868529762, 0.21265280975525036, 0.2227186338414792, 0.2201138232147329, 0.23303361110161486, 0.236844616197863, 0.21420811658407923, 0.21302395655598702, 0.21851872956974017, 0.20793812536516565, 0.305791015448008, 0.30191821875009994, 0.31181674561255884, 0.3053172331579908, 0.3002721721949015, 0.30146536640985566, 0.3011639627697166, 0.2935228864438669, 0.30728801668471123, 0.2899167902735123, 0.2982579186461118, 0.28011028953384626, 0.2938077516821274, 0.28424222022295, 0.28628088781146505, 0.28751187709741716, 0.29192856617890073, 0.2839070430358945, 0.28967043067690584, 0.2883582206597495, 0.28417293707876745, 0.30307858837483753, 0.2842814859539661, 0.2849920343558861, 0.2818593270263297, 0.28814515272993185, 0.29281011282356545, 0.28243175467809734, 0.27500856265946244, 0.28629414812055737, 0.2895702600283914, 0.28487804979411274, 0.27618985183894895, 0.2814307051129216, 0.2800344828044483, 0.28899507634504396, 0.28456412333848696, 0.2872339024424032, 0.2823447395099823, 0.2857889145872999, 0.28950863412894534, 0.2872983463531498, 0.2863595185386562, 0.2841325308232849, 0.28753990969543375, 0.2828072599058068, 0.29664552719311943, 0.2842366293267912, 0.28265277559840524, 0.2801963569816023, 0.2751830885894434, 0.2920877207314604, 0.28390417980054583, 0.28056476675136643, 0.28134407402386313, 0.28134124286830686, 0.28567958180690955, 0.27853087264247334, 0.2823559898541484, 0.28805108635186105, 0.27727235625925023, 0.293720258407978, 0.2782498681714441, 0.2828215086369015, 0.27768476105673345, 0.2824248402790211, 0.2861855720458593, 0.2742456756044163, 0.27648791986391535, 0.28128067758666375, 0.27620028932151836, 0.2742112584444633, 0.27753470812041686, 0.3195562803849383, 0.28301922013926195, 0.278879282060669],