{"epochs": [1, 2, 3, 4, 5, 6, 7, 8, 9, 10, 11, 12, 13, 14, 15, 16, 17, 18, 19, 20, 21, 22, 23, 24, 25, 26, 27, 28, 29, 30, 31, 32, 33, 34, 35, 36, 37, 38, 39, 40, 41, 42, 43, 44, 45, 46, 47, 48, 49, 50, 51, 52, 53, 54, 55, 56, 57, 58, 59, 60, 61, 62, 63, 64, 65, 66, 67, 68, 69, 70, 71, 72, 73, 74, 75, 76, 77, 78, 79, 80, 81, 82, 83, 84, 85, 86, 87, 88, 89, 90, 91, 92, 93, 94, 95, 96, 97, 98, 99, 100, 101, 102, 103, 104, 105, 106, 107, 108, 109, 110, 111, 112, 113, 114, 115, 116, 117, 118, 119, 120, 121, 122, 123, 124, 125, 126, 127, 128, 129, 130, 131, 132, 133, 134, 135, 136, 137, 138, 139, 140, 141, 142, 143, 144, 145, 146, 147, 148, 149, 150, 151, 152, 153, 154, 155, 156, 157, 158, 159, 160, 161, 162, 163, 164, 165, 166, 167, 168, 169, 170, 171, 172, 173, 174, 175, 176, 177, 178, 179, 180, 181, 182, 183, 184, 185, 186, 187, 188, 189, 190, 191, 192, 193, 194, 195, 196, 197, 198, 199, 200], "train_loss": [19.184000206826557, 18.47896097008318, 18.33270893346795, 18.13264422021058, 16.99717043580967, 16.183694518809755, 15.872971705474187, 15.578444260176612, 15.39818096993792, 15.279958491762653, 15.175706896719454, 15.034868140408046, 14.86374384034669, 14.601479792699022, 14.401937838725127, 14.324317736396623, 14.306705553979333, 14.139651515077816, 14.030894650121963, 13.964803466630295, 13.871036421263582, 13.908723556318657, 13.924868046456549, 13.891754758410059, 13.836408710896189, 13.783700601502797, 13.769348590134534, 13.794021285777529, 13.761493653709712, 13.833656523425507, 13.736355081916376, 13.738287871581498, 13.643691212849847, 13.691645701379235, 13.636045485084233, 13.654965950412, 13.654084047375807, 13.808849451323264, 14.18096294569657, 13.740365207455564, 13.618247494426877, 13.710490143455273, 13.664308010750982, 13.525638522019033, 13.488042402475681, 13.502993679463083, 13.35230664915393, 13.400945813374749, 13.337796073813626, 13.263184014366184, 13.226554016879552, 13.235575017970723, 13.166429752866254, 13.024031026915171, 12.997316472915582, 12.931219250874749, 12.978285814476846, 12.805786316051233, 12.784965344391535, 12.686793860389676, 12.715253338543087, 12.729027364972376, 12.605618818358042, 12.567065355559103, 12.65844810269285, 12.583496027117734, 12.39542318535684, 12.51972327169893, 12.474421301262868, 12.417359789386067, 12.402242585561162, 12.34658761836556, 12.503414799552818, 12.389996049706072, 12.303240838529762, 12.260780675963023, 12.32785824188499, 12.318907887654534, 12.25040487847474, 12.233254445171772, 12.229411866467071, 12.613377296247856, 12.875582799120242, 12.2387691314564, 12.180129605089213, 12.151315809857897, 12.219000499841949, 12.12033632436694, 12.083533795119372, 12.18253603356374, 12.066540967949614, 12.125264471795361, 12.093795972099471, 12.152614056283209, 12.049715554349808, 12.130649833179458, 12.053183892928876, 12.072439797580502, 11.97627125036248, 11.98155304438162, 11.940881629177577, 12.061292565025097, 11.951242759238164, 11.941390037536621, 11.917958330379303, 11.955566252162884, 12.036197037676017, 11.888321330974195, 11.949213873350985, 11.937357057129972, 11.843566286511816, 11.918929008417255, 11.928438886284308, 11.860029724487571, 11.851023740643496, 11.814885514271833, 11.788546054123792, 11.86357291192467, 11.83950565371451, 11.86664813678858, 11.89194550576689, 11.828355493503887, 11.822651450810994, 11.741625964901854, 11.822650030710811, 11.765859820436702, 11.813218487402237, 11.721775717089791, 11.722453658757772, 11.773615416480984, 11.720194887386139, 11.755806423170597, 11.729690339367462, 11.728850968539975, 11.690068215782466, 11.77106713207528, 11.643096603160341, 11.623850110316381, 11.723318016685253, 11.716673413738933, 11.660848638376294, 11.705650083883361, 11.63095865291279, 11.676790953723625, 11.635126367927118, 11.605780680627282, 11.617311690051483, 11.678380453950973, 11.599422625579168, 11.551995448149968, 11.554983222328419, 11.649341883097152, 11.653186223392403, 11.48702797619016, 11.458361080119703, 11.560262163653645, 11.452010879350022, 11.544102785368674, 11.593511614737032, 11.542705006995055, 11.461772135772039, 11.494304182227522, 11.56363801248209, 11.540214484435502, 11.430741043590562, 11.581283781726288, 11.493484934344563, 11.460244461959105, 11.377508838103848, 11.500203828103677, 11.450395080199929, 11.454869657624757, 11.445170585765588, 11.367223697978856, 11.41761494099313, 11.524869352448976, 11.374859439233505, 11.43468073049487, 11.423075326144955, 11.415370437255593, 11.322214951161214, 11.411395522704812, 11.350209086222419, 11.405336013527416, 11.372071549361449, 11.370710689428071, 11.39730548442191, 11.412033297609554, 11.335996557010834, 11.430480723818317, 11.355835127518167, 11.303902038840748, 11.298111132659246, 11.845614720640224, 12.144450312618606, 11.96890828911394, 11.948593531113005, 11.357429795910697, 11.36008519168504, 11.314243633153657],