{"epochs": [1, 2, 3, 4, 5, 6, 7, 8, 9, 10, 11, 12, 13, 14, 15, 16, 17, 18, 19, 20, 21, 22, 23, 24, 25, 26, 27, 28, 29, 30, 31, 32, 33, 34, 35, 36, 37, 38, 39, 40, 41, 42, 43, 44, 45, 46, 47, 48, 49, 50, 51, 52, 53, 54, 55, 56, 57, 58, 59, 60, 61, 62, 63, 64, 65, 66, 67, 68, 69, 70, 71, 72, 73, 74, 75, 76, 77, 78, 79, 80, 81, 82, 83, 84, 85, 86, 87, 88, 89, 90, 91, 92, 93, 94, 95, 96, 97, 98, 99, 100, 101, 102, 103, 104, 105, 106, 107, 108, 109, 110, 111, 112, 113, 114, 115, 116, 117, 118, 119, 120, 121, 122, 123, 124, 125, 126, 127, 128, 129, 130, 131, 132, 133, 134, 135, 136, 137, 138, 139, 140, 141, 142, 143, 144, 145, 146, 147, 148, 149, 150, 151, 152, 153, 154, 155, 156, 157, 158, 159, 160, 161, 162, 163, 164, 165, 166, 167, 168, 169, 170, 171, 172, 173, 174, 175, 176, 177, 178, 179, 180, 181, 182, 183, 184, 185, 186, 187, 188, 189, 190, 191, 192, 193, 194, 195, 196, 197, 198, 199, 200], "train_loss": [0.25500461670639213, 0.23398240658914157, 0.2242270234044983, 0.21146657441510905, 0.2529984719433118, 0.25211233294296476, 0.25712342709953606, 0.2667735731757884, 0.26628620444296747, 0.2562975930985405, 0.25614962440520916, 0.2585034635259595, 0.2545606662157321, 0.2696899272599074, 0.2547042877067645, 0.25500960846525095, 0.25617425081901674, 0.2532379911260834, 0.25536043164381295, 0.25671894226922737, 0.25698531565447563, 0.2575869227731072, 0.26238211927585725, 0.2576901947827318, 0.2436207010691343, 0.25178579273572654, 0.25896336128487857, 0.2524664770958205, 0.25425886232649914, 0.25203180326124464, 0.25446155176022167, 0.24769146626563052, 0.26250082234888616, 0.25553359397113584, 0.2527210125170941, 0.2535300807270941, 0.25292001000918674, 0.2513610058866734, 0.24753405661301842, 0.2528669752148041, 0.2464945799789054, 0.2460693948979461, 0.6989190905440322, 0.9990625326810445, 1.0027545888351042, 1.0002391838090388, 0.9426692398875041, 0.7849334441938776, 0.7065443578765902, 0.6785768895170053, 0.6606091827024019, 0.6355540201913842, 0.6222342058821017, 0.6034293963398996, 0.6003315607533184, 0.5862646225237951, 0.5876617413420865, 0.5700500258712269, 0.5740165679215343, 0.5598512342663311, 0.5760941221724432, 0.5490526749577584, 0.5715407203378635, 0.5618382493221084, 0.5588520860307602, 0.5524350916194083, 0.5414256201040276, 0.5364446500763622, 0.5176340280401655, 0.5146090751391832, 0.48292836677039036, 0.4855681760602643, 0.4933121654664585, 0.4710795563771735, 0.4585792465891901, 0.4569968953403323, 0.4525691179729445, 0.4528686199255906, 0.4395934887328002, 0.44405474217698043, 0.441132438885593, 0.4242685422236222, 0.5165840093876076, 0.5723242013995824, 0.5516783723924878, 0.5500521188740126, 0.5436946864211403, 0.5345641343354137, 0.5445888151768513, 0.5375517572898532, 0.5324744144901958, 0.5322229503023572, 0.5337910446537634, 0.5151771456653895, 0.5191558828520463, 0.505690056814377, 0.49825960592932056, 0.4778831461891857, 0.4745491085874982, 0.4772656919784421, 0.4693108398841458, 0.4699173980925281, 0.46219492368562776, 0.4426886488777061, 0.4581895474523436, 0.4448312569133059, 0.4461652696392942, 0.4432028947829159, 0.44698875192471466, 0.46734526642805624, 0.47450965792591393, 0.4865662745773532, 0.44615257411023934, 0.44514846203108543, 0.44178613851164106, 0.44899001574412184, 0.4391159679431582, 0.43893086246527957, 0.43688020207736167, 0.4446035639167353, 0.4491142173781666, 0.43099231516950515, 0.4400197523910406, 0.43424190873662455, 0.43020416757165086, 0.4220319515883142, 0.4264197179714145, 0.43076856030907695, 0.41906374224408743, 0.42576305249372426, 0.4274895251057554, 0.4325880487673147, 0.4522475846860086, 0.4372049505663751, 0.4210808990303606, 0.4254366214098368, 0.4311844044767613, 0.4255063818792068, 0.4214042839004483, 0.42623344532266977, 0.42107770308917264, 0.41930798073522907, 0.42465507457089735, 0.6043316443414146, 0.587641553587268, 0.5561293888039984, 0.5319592645595167, 0.508054175231134, 0.47896934349464015, 0.4540052218078005, 0.4435767630952935, 0.4144088165208242, 0.42622564030266225, 0.44096874891410226, 0.4164761225469248, 0.4192434561044368, 0.4392414918112442, 0.4303222726135795, 0.4312972725739125, 0.4308820866601436, 0.42742121122029153, 0.42496955199533154, 0.42664824803583484, 0.4448673532519278, 0.423066095558837, 0.7094976331989838, 0.7122920527728884, 0.6744777691676627, 0.6526971372194165, 0.6055875671742785, 0.6020834464173129, 0.5823611071796917, 0.5901443751358049, 0.5818730897257942, 0.5894991177658847, 0.5900225911338256, 0.574488069422901, 0.5710440078937331, 0.5644949229523605, 0.5527089365705132, 0.5573986680226555, 0.5469237663600122, 0.5436063036647947, 0.5411230468854112, 0.5488401044924707, 0.545605158441452, 0.5478433150651674, 0.5475202515135686, 0.5437733208248189, 0.5409118387376377, 0.5409813330683646, 0.5383544495272324, 0.5284100941435218, 0.5263427542807233, 0.532869440889775, 0.5217305395800994, 0.5393196183000589, 0.5277645824778028, 0.5312423689136339, 0.528850670724977],