{"epochs": [1, 2, 3, 4, 5, 6, 7, 8, 9, 10, 11, 12, 13, 14, 15, 16, 17, 18, 19, 20, 21, 22, 23, 24, 25, 26, 27, 28, 29, 30, 31, 32, 33, 34, 35, 36, 37, 38, 39, 40, 41, 42, 43, 44, 45, 46, 47, 48, 49, 50, 51, 52, 53, 54, 55, 56, 57, 58, 59, 60, 61, 62, 63, 64, 65, 66, 67, 68, 69, 70, 71, 72, 73, 74, 75, 76, 77, 78, 79, 80, 81, 82, 83, 84, 85, 86, 87, 88, 89, 90, 91, 92, 93, 94, 95, 96, 97, 98, 99, 100, 101, 102, 103, 104, 105, 106, 107, 108, 109, 110, 111, 112, 113, 114, 115, 116, 117, 118, 119, 120, 121, 122, 123, 124, 125, 126, 127, 128, 129, 130, 131, 132, 133, 134, 135, 136, 137, 138, 139, 140, 141, 142, 143, 144, 145, 146, 147, 148, 149, 150, 151, 152, 153, 154, 155, 156, 157, 158, 159, 160, 161, 162, 163, 164, 165, 166, 167, 168, 169, 170, 171, 172, 173, 174, 175, 176, 177, 178, 179, 180, 181, 182, 183, 184, 185, 186, 187, 188, 189, 190, 191, 192, 193, 194, 195, 196, 197, 198, 199, 200], "train_loss": [19.157891910669584, 17.942323917905316, 17.82595498697206, 17.723304123857655, 17.615370754591762, 17.527203022652838, 17.48370452114588, 17.402024040055586, 17.324906378333747, 17.286842112978473, 17.119842962406608, 16.861364360459508, 16.71121897135239, 16.493563435483708, 16.39693568783556, 16.435090269063757, 16.3706147639512, 16.29450700584978, 16.3061511943434, 16.196082061034623, 16.185167883160855, 16.214441024580378, 16.121987176253807, 16.08966851130323, 16.069072390227337, 16.004444517943536, 15.99556266584771, 15.987194173721246, 16.02778528455043, 15.934325563855566, 15.923274111018952, 15.982805293720363, 15.931429779685741, 15.956420415353566, 15.863156389461334, 15.877449002328397, 15.936006029620442, 15.875968987244185, 15.882106139670293, 15.948655948888787, 15.841279213084924, 15.716997263212912, 15.800411320149118, 15.50170712283605, 15.265928460000383, 15.328145651838144, 15.194005079144473, 15.225480954199378, 15.179372545933619, 15.162587694726136, 15.102568997045791, 15.066928043115608, 15.179334136596413, 14.990590499478136, 15.01166703086753, 15.077748302809535, 15.02628188570514, 14.962710963586533, 15.023761062122329, 15.034947695169906, 14.883650075920805, 14.820424346424087, 14.795466027405585, 14.74747441637464, 14.746303595830259, 14.741559778238488, 14.668664170144426, 14.711040559293922, 14.598910752342258, 14.664321649543062, 14.72091209628176, 14.615071571549995, 14.647760274628885, 14.611958374623129, 14.559853786984906, 14.51994488228877, 14.453038003246856, 14.572955860321178, 14.481080817343367, 14.454503001083975, 14.510860701315268, 14.537834513135351, 14.459175072382632, 14.47573402354811, 14.485976718919247, 14.404456392646356, 14.493047726726948, 14.442966856810724, 14.289030907976576, 14.391726777022582, 14.294859990282351, 14.416896795081259, 14.329838194701349, 14.340085146208517, 14.393807477826114, 14.349871427211179, 14.347237653607364, 14.363031741313018, 14.344423264915767, 14.320477818818071, 14.239431855980486, 14.381392945368738, 14.272864295926157, 14.332307828045307, 14.179711071164327, 14.288433724615771, 14.28421065901044, 14.279407055617419, 14.286533076690274, 14.159905854270969, 14.296279207587762, 14.203438288259715, 14.238645303717867, 14.293892310696398, 14.168829468139915, 14.238043668488748, 14.24204217502644, 14.146706556128622, 14.15117898466285, 14.204377149390341, 14.239844243078773, 14.246149908507235, 14.252878322351448, 14.176482946071042, 14.136842290386882, 14.228508536992635, 14.167178395533666, 14.195209265796379, 14.252644626334245, 14.240995465407725, 14.179407944325277, 14.101990578997084, 14.117449976991878, 14.199966538941496, 14.172281265258789, 14.17630692444514, 14.090318250864353, 14.140465902969828, 14.117951368140341, 14.065191414678981, 14.049748316602415, 14.215710548334247, 14.101110654106307, 14.15722117777995, 14.12733012620018, 14.096138537710932, 14.145262680720034, 14.099964125187636, 14.082036080839332, 14.031794106595902, 14.104274724768759, 14.02159401839477, 14.064638912417482, 14.06495263378693, 14.059635624614865, 14.020795105846688, 14.135384009915148, 14.079038649146733, 14.02097363867614, 14.013658415282137, 14.184380943598185, 13.989834939548542, 13.937908805613954, 14.029269943070725, 14.047095069718674, 13.99728992412184, 14.055741239322845, 14.00700348016997, 14.083851735144203, 13.966157459275692, 13.99615600952415, 14.1082823640915, 14.009892147180816, 13.967106723368948, 13.973177947331724, 14.035111502268428, 14.058867088051342, 14.063865749075944, 14.030743819657372, 13.975556860844641, 14.014599312861414, 14.019964151507383, 13.904547179109665, 13.95634663677632, 13.96149830630773, 14.055022643643175, 14.007685128257785, 13.911771974188792, 13.896157002344923, 14.031096766609291, 13.954720313892615, 13.884697689239635, 14.080842663627525, 14.012853943104307, 13.977317285329494, 14.130276621689443, 14.046931087710451, 13.878231419225967, 13.999907451946141, 13.975069799798025],