{"epochs": [1, 2], "train_loss": [13.403835829688992, 11.17476764412426]}