{"epochs": [1, 2, 3, 4, 5], "train_loss": [0.022708061252879264, 0.006578804038497558, 0.007613565366080754, 0.005461775742503753, 0.003490887842584385]}