{"epochs": [1, 2, 3, 4, 5, 6, 7, 8, 9, 10, 11, 12, 13, 14, 15, 16, 17, 18, 19, 20, 21, 22, 23, 24, 25, 26, 27, 28, 29, 30, 31, 32, 33, 34, 35], "train_loss": [13.529285626640487, 11.298411440120514, 10.912099455121302, 10.63208331395445, 10.496139368115553, 10.34975792330946, 10.157001738985553, 10.09375805417523, 10.041257650050534, 9.871428323104391, 10.576787432208333, 9.96532035394527, 10.242245532539734, 9.535806945317697, 9.792818831564558, 9.566395632564761, 9.399165184737292, 9.24703580323265, 9.078921028620291, 8.961182785867083, 8.877007367829568, 8.765355224692666, 8.79964094078697, 8.655791099415076, 8.704175588865988, 8.64884977049182, 8.620775418510604, 8.449589652265523, 8.374114879874684, 8.512369212104764, 8.285065261557634, 8.394714109762267, 8.274864271738643, 8.25785110506949, 8.288810854915969]}