{"epochs": [1, 2, 3, 4, 5, 6, 7, 8, 9, 10, 11, 12, 13, 14, 15, 16, 17, 18, 19, 20, 21, 22, 23, 24, 25, 26, 27, 28, 29, 30, 31, 32, 33, 34, 35, 36, 37, 38, 39, 40, 41, 42, 43, 44, 45, 46, 47, 48, 49, 50, 51, 52, 53, 54, 55, 56, 57, 58, 59, 60, 61, 62, 63, 64, 65, 66, 67, 68, 69, 70, 71, 72, 73, 74, 75, 76, 77, 78, 79, 80, 81, 82, 83, 84, 85, 86, 87, 88, 89, 90, 91, 92, 93, 94, 95, 96, 97, 98, 99, 100, 101, 102, 103, 104, 105, 106, 107, 108, 109, 110, 111, 112, 113, 114, 115, 116, 117, 118, 119, 120, 121, 122, 123, 124, 125, 126, 127, 128, 129, 130, 131, 132, 133, 134, 135, 136, 137, 138, 139, 140, 141, 142, 143, 144, 145, 146, 147, 148, 149, 150, 151, 152, 153, 154, 155, 156, 157, 158, 159, 160, 161, 162, 163, 164, 165, 166, 167, 168, 169, 170, 171, 172, 173, 174, 175, 176, 177, 178, 179, 180, 181, 182, 183, 184, 185, 186, 187, 188, 189, 190, 191, 192, 193, 194, 195, 196, 197, 198, 199, 200], "train_loss": [17.52595445474683, 15.19547303795294, 15.015336428146696, 14.90563983584075, 14.847437329687926, 14.744345252690877, 14.719847991476934, 14.661067945988417, 14.635554842553285, 14.555925044430396, 14.420689299637575, 14.431777387727296, 14.335831846212196, 14.36765235167924, 14.355577127381704, 14.318125670653764, 14.332774503782847, 14.183326208955856, 14.16848912717994, 14.20266182245646, 14.170590617250667, 13.984681504262067, 14.016372168428513, 14.03642554886997, 13.94695143304017, 13.838364222164238, 13.795330926320439, 13.837233160260462, 13.767634978981517, 13.733055402097744, 13.646788259781085, 13.702416936382976, 13.709957580899568, 13.619844011864808, 13.642657983771578, 13.683723258139265, 13.550862499720145, 13.507870840713968, 13.56458664773333, 13.513161592608457, 13.509182192873226, 13.466326730220079, 13.419918722460885, 13.423440150298406, 13.289997300726878, 13.39106513527283, 13.381528546195884, 13.361962884794677, 13.320618242155517, 13.210213423816398, 13.223300130086175, 13.245489070509198, 13.245727655668967, 13.303996752443272, 13.11518373031283, 13.253157386613205, 13.182943977122743, 13.262422915629424, 13.162340568142687, 13.15516699245403, 13.155417792141177, 13.133909175489666, 13.18581110941791, 13.166337633757612, 13.113603158809212, 12.984115829634353, 13.013405737397973, 13.046559154727053, 13.083562680206965, 13.018303250641802, 12.949329372056187, 12.940448581912111, 12.959578572402354, 12.987382414039045, 12.91584680798793, 12.897291870616929, 12.799280016703376, 12.9013678621517, 12.886952354397836, 12.729634917979677, 12.83227180497615, 12.759498600355922, 12.702404284581347, 12.707056445325826, 12.656827785042175, 12.68922299797358, 12.6073007042231, 12.613979743557726, 12.550976953131663, 12.572034706715414, 12.435493452580214, 12.502384968720149, 12.489469973801526, 12.450300399913537, 12.467900421942165, 12.459783708164265, 12.44436645924264, 12.406937682472462, 12.374513801008332, 12.481927709287952, 12.461061827480533, 12.432780823853339, 12.321063437316095, 12.418239876692992, 12.276531265292105, 12.271741458942797, 12.371741948689957, 12.305920746649196, 12.324636500995753, 12.203644452657242, 12.281551631777567, 12.217010202366192, 12.357213961505474, 12.255691536649346, 12.205494793221419, 12.3429561306816, 12.186418562476812, 12.196351009685399, 12.133551181143549, 12.221130079577584, 12.196474383491616, 12.210349695130727, 12.17583171977747, 12.146845351140051, 12.191942531469087, 12.085725530266242, 12.166927000320635, 12.12980069656039, 12.152693735980572, 12.150187117564105, 12.147664969664994, 12.075430407794803, 12.17549112478198, 12.108985013836856, 12.172008364481696, 12.105533437437366, 12.03980432535363, 12.126913462143278, 12.137200567920136, 12.082678511673707, 12.039593854845872, 11.940191627069332, 12.013180332933452, 12.021796659611198, 12.119449394759132, 12.039527480779256, 12.07905089282573, 11.970599570128595, 12.148181752867053, 12.030593613870279, 12.065015139017563, 11.969110851204551, 12.030473201035413, 12.07588832971831, 11.974258618583846, 11.942266589168899, 12.159665411736768, 12.1972607525155, 12.140390458585914, 12.15186378528978, 12.083178749251053, 12.170244845760962, 12.00374487497921, 12.001431994042543, 12.100217052942801, 11.983116133244277, 11.961405079437656, 11.932278633117676, 12.031975550422501, 11.947916001732173, 11.982408032146603, 12.048758535926519, 11.907379833371358, 11.953552541774433, 11.91002070331157, 11.998658384298134, 11.948632844150326, 11.950048334213324, 11.924621840231284, 11.91934390671909, 11.912012912300476, 11.880755020541395, 11.875196798399546, 11.788641013432798, 11.958715963571873, 11.861678527432238, 11.837271881936418, 11.978195740145887, 11.90194226977086, 11.878105746606552, 11.935386703524527, 11.844751974380694, 11.923340401795233, 11.872967540957521, 11.894219964872802, 11.87358406433372, 11.890119186134838, 11.827063293956773, 11.709929612005642, 11.811629191236204],